,,,,,,,
,,,,,,,
,,,,,,,
Record ID,name,availableDate,description,cost,imap,media,Image
1111,"My Name, ONE",11/30/2015,test,1,1,"a,b,c",90e63dde1d4b42e48b32e03e715ca81e
1114,"My Name, ONE",11/31/2015,test,1,1,a,
1115,"My Name, ONE",11/22/2015,test,1,1,"a,b,c",Penguins.jpg
1116,"My Name, ONE",11/25/2015,test,1,1,a,
1117,"My Name, ONE",11/26/2015,test,1,1,"a,b,c",
1118,"My Name, ONE",12/30/2015,test,1,1,a,
1119,"My Name, ONE",11/30/2015,test,1,1,"a,b,c",
1120,"My Name, ONE",12/1/2015,test,1,1,"a,b,c",